objid,name_prefix,name,ra,declination,redshift,typeid,type,reporting_groupid,reporting_group,source_groupid,source_group,discoverydate,discoverymag,discmagfilter,filter,reporters,time_received,internal_names,Discovery_ADS_bibcode,Class_ADS_bibcodes,creationdate,lastmodified
168397,AT,2024aebu,239.887917,38.137581,,,,24.0,GaiaAlerts,24.0,GaiaAlerts,2024-12-13 14:25:26.400,18.51,75.0,G,"S.T. Hodgkin, E. Breedt, A. Delgado, D.L. Harrison, M. van Leeuwen, G. Rixon, T. Wevers, A. Yoldas (IoA Cambridge), N. Ihanec, K. Kruszyńska, K.A. Rybicki, Ł. Wyrzykowski (Warsaw University Astronomical Observatory), Z. Kostrzewa-Rutkowska (Leiden Observatory), D. Eappachen (SRON/RU), G. Marton (Konkoly Observatory), on behalf of the Gaia Alerts team",2024-12-15 17:35:11,Gaia24dqr,,,2024-12-15 17:35:12,2024-12-15 17:35:12
168396,AT,2024aebt,135.0970167,64.8614546,,,,48.0,ZTF,48.0,ZTF,2024-12-14 06:16:16.000,19.5589,110.0,g,"Jesper Sollerman (SU), Christoffer Fremling (Caltech), Daniel Perley (LJMU), Theophile du Laz (Caltech) on behalf of ZTF",2024-12-15 17:05:51,ZTF24abxylal,,,2024-12-15 17:05:52,2024-12-15 17:05:52
168394,AT,2024aebr,20.8808838982,8.79531668518,,,,4.0,Pan-STARRS,4.0,Pan-STARRS,2024-11-21 06:18:06.048,20.0,26.0,w,"K. C. Chambers, T. de Boer, J. Fairlamb, M. Huber, C.-C. Lin, T. Lowe, E. Magnier, A. Schultz, R. J. Wainscoat, H. Gao, P. Minguez (IfA, University of Hawaii), K. W. Smith, D. R. Young, S. Srivastav, M. Fulton, S. J. Smartt, M. Nicholl, T. Moore, J. Weston, C. R. Angus, S. Sim (Queen's University Belfast), D. E. Wright (University of Minnesota)",2024-12-15 16:55:31,PS24mqe,,,2024-12-15 16:55:32,2024-12-15 16:55:32
168393,AT,2024aebq,129.708308806,18.9044880465,,,,4.0,Pan-STARRS,4.0,Pan-STARRS,2024-11-02 14:29:11.040,19.34,26.0,w,"K. C. Chambers, T. de Boer, J. Fairlamb, M. Huber, C.-C. Lin, T. Lowe, E. Magnier, A. Schultz, R. J. Wainscoat, H. Gao, P. Minguez (IfA, University of Hawaii), K. W. Smith, D. R. Young, S. Srivastav, M. Fulton, S. J. Smartt, M. Nicholl, T. Moore, J. Weston, C. R. Angus, S. Sim (Queen's University Belfast), D. E. Wright (University of Minnesota)",2024-12-15 16:25:11,PS24mpt,,,2024-12-15 16:25:12,2024-12-15 16:25:12
168392,AT,2024aebp,203.5612929,-6.754273,,,,74.0,ALeRCE,48.0,ZTF,2024-12-15 13:33:45.996,19.0586,111.0,r,"F. Forster, F.E. Bauer, G. Pignata, A. Munoz-Arancibia, A. Mourao, L. Hernandez-Garcia, L. Galbany, J. Silva-Farfan, R. Dastidar, J.P. Brandt, A. Alvarez, G. Cabrera-Vives, R. Carrasco-Davis, P.A. Estevez, B. Gamboa, P. Huijse, H. Larranaga, C. Mansilla, K. Medina, D. Moreno, E. Munoz, E. Pizarro, I. Reyes, P. Sanchez-Saez, D. Rodriguez-Mancini, M. Catelan, S. Eyheramendy, M.J. Graham on behalf of the ALeRCE broker",2024-12-15 15:44:33,ZTF24abxypwh,,,2024-12-15 15:44:34,2024-12-15 15:44:34
168389,AT,2024aebm,136.46414,1.12903,,,,18.0,ATLAS,18.0,ATLAS,2024-12-15 06:21:30.816,17.971,72.0,orange,"J. Tonry, L. Denneau, H. Weiland, R. Siverd (IfA, University of Hawaii), N. Erasmus, W. Koorts (South African Astronomical Observatory), A. Jordan, V. Suc (UAI, Obstech), S. J. Smartt, K. W. Smith (Oxford/QUB), D. R. Young, M. Nicholl, M. Fulton, M. McCollum, T. Moore, J. Weston, X. Sheng, C. R. Angus, A. Wilson, A. Aamer, D. Magill (QUB), P. Ramsden (Birmingham/QUB), L. Shingles (GSI/QUB), S. Srivastav, J. H. Gillanders, H. Stevance, A. J. Cooper, F. Stoppa (Oxford), L. Rhodes (TSI/McGill), A. Rest (STScI), T.-W. Chen (NCU), C. Stubbs (Harvard), J. S. Sommer (LMU), B. P. Schmidt (ANU)",2024-12-15 14:22:16,ATLAS24rkk,,,2024-12-15 14:22:17,2024-12-15 14:22:17
168388,AT,2024aebl,238.9914399,18.0478274,,,,48.0,ZTF,48.0,ZTF,2024-12-08 13:15:48.000,19.7899,111.0,r,"Nabeel Rehemtulla (CIERA, NU), Christoffer Fremling (Caltech), Daniel Perley (LJMU), Theophile du Laz (Caltech) on behalf of ZTF",2024-12-15 13:27:10,ZTF24abxypih,,,2024-12-15 13:27:11,2024-12-15 13:27:11
168386,AT,2024aebj,194.772641994,-3.14620694075,,,,4.0,Pan-STARRS,4.0,Pan-STARRS,2024-12-02 15:14:30.912,20.3,26.0,w,"K. C. Chambers, T. de Boer, J. Fairlamb, M. Huber, C.-C. Lin, T. Lowe, E. Magnier, A. Schultz, R. J. Wainscoat, H. Gao, P. Minguez (IfA, University of Hawaii), K. W. Smith, D. R. Young, S. Srivastav, M. Fulton, S. J. Smartt, M. Nicholl, T. Moore, J. Weston, C. R. Angus, S. Sim (Queen's University Belfast), D. E. Wright (University of Minnesota)",2024-12-15 12:18:06,PS24mpn,,,2024-12-15 12:18:07,2024-12-15 12:18:07
168385,AT,2024aebi,149.7376672,35.6384548,,,,48.0,ZTF,48.0,ZTF,2024-12-11 12:25:44.002,19.7028,111.0,r,"Jesper Sollerman (SU), Christoffer Fremling (Caltech), Daniel Perley (LJMU), Theophile du Laz (Caltech) on behalf of ZTF",2024-12-15 12:05:11,ZTF24abxyfev,,,2024-12-15 12:05:14,2024-12-15 12:05:14
168374,AT,2024aeax,164.178206227,23.8504522313,,,,4.0,Pan-STARRS,4.0,Pan-STARRS,2024-12-08 13:47:47.904,20.53,26.0,w,"K. C. Chambers, T. de Boer, J. Fairlamb, M. Huber, C.-C. Lin, T. Lowe, E. Magnier, A. Schultz, R. J. Wainscoat, H. Gao, P. Minguez (IfA, University of Hawaii), K. W. Smith, D. R. Young, S. Srivastav, M. Fulton, S. J. Smartt, M. Nicholl, T. Moore, J. Weston, C. R. Angus, S. Sim (Queen's University Belfast), D. E. Wright (University of Minnesota)",2024-12-15 10:58:31,PS24mnb,,,2024-12-15 10:58:32,2024-12-15 10:58:32
168371,AT,2024aeau,153.286443813,20.3496847734,,,,4.0,Pan-STARRS,4.0,Pan-STARRS,2024-12-08 13:37:12.864,20.04,26.0,w,"K. C. Chambers, T. de Boer, J. Fairlamb, M. Huber, C.-C. Lin, T. Lowe, E. Magnier, A. Schultz, R. J. Wainscoat, H. Gao, P. Minguez (IfA, University of Hawaii), K. W. Smith, D. R. Young, S. Srivastav, M. Fulton, S. J. Smartt, M. Nicholl, T. Moore, J. Weston, C. R. Angus, S. Sim (Queen's University Belfast), D. E. Wright (University of Minnesota)",2024-12-15 09:23:32,PS24mmp,,,2024-12-15 09:23:33,2024-12-15 09:23:33
168244,AT,2024advx,23.8626733483,-14.940998301,,,,18.0,ATLAS,18.0,ATLAS,2024-12-10 02:30:32.256,18.463,72.0,orange,"J. Tonry, L. Denneau, H. Weiland, R. Siverd (IfA, University of Hawaii), N. Erasmus, W. Koorts (South African Astronomical Observatory), A. Jordan, V. Suc (UAI, Obstech), S. J. Smartt, K. W. Smith (Oxford/QUB), D. R. Young, M. Nicholl, M. Fulton, M. McCollum, T. Moore, J. Weston, X. Sheng, C. R. Angus, A. Wilson, A. Aamer, D. Magill (QUB), P. Ramsden (Birmingham/QUB), L. Shingles (GSI/QUB), S. Srivastav, J. H. Gillanders, H. Stevance, A. J. Cooper, F. Stoppa (Oxford), L. Rhodes (TSI/McGill), A. Rest (STScI), T.-W. Chen (NCU), C. Stubbs (Harvard), J. S. Sommer (LMU), B. P. Schmidt (ANU)",2024-12-11 13:55:16,"ATLAS24rip, GOTO24jaw, PS24mpr",2024TNSTR4857....1T,,2024-12-11 13:55:19,2024-12-15 16:24:04
168125,AT,2024adri,177.731458378,-0.915369351143,,,,18.0,ATLAS,18.0,ATLAS,2024-12-08 14:50:02.112,19.351,71.0,cyan,"J. Tonry, L. Denneau, H. Weiland, R. Siverd (IfA, University of Hawaii), N. Erasmus, W. Koorts (South African Astronomical Observatory), A. Jordan, V. Suc (UAI, Obstech), S. J. Smartt, K. W. Smith (Oxford/QUB), D. R. Young, M. Nicholl, M. Fulton, M. McCollum, T. Moore, J. Weston, X. Sheng, C. R. Angus, A. Wilson, A. Aamer, D. Magill (QUB), P. Ramsden (Birmingham/QUB), L. Shingles (GSI/QUB), S. Srivastav, J. H. Gillanders, H. Stevance, A. J. Cooper, F. Stoppa (Oxford), L. Rhodes (TSI/McGill), A. Rest (STScI), T.-W. Chen (NCU), C. Stubbs (Harvard), J. S. Sommer (LMU), B. P. Schmidt (ANU)",2024-12-08 21:04:13,"ATLAS24rhc, GOTO24jal, PS24mnk, ZTF24abwsubu",2024TNSTR4804....1T,,2024-12-08 21:04:14,2024-12-15 11:16:20
168070,AT,2024adph,129.098074218,26.1336381639,,,,18.0,ATLAS,18.0,ATLAS,2024-12-07 12:04:20.928,19.061,72.0,orange,"J. Tonry, L. Denneau, H. Weiland, R. Siverd (IfA, University of Hawaii), N. Erasmus, W. Koorts (South African Astronomical Observatory), A. Jordan, V. Suc (UAI, Obstech), S. J. Smartt, K. W. Smith (Oxford/QUB), D. R. Young, M. Nicholl, M. Fulton, M. McCollum, T. Moore, J. Weston, X. Sheng, C. R. Angus, A. Wilson, A. Aamer, D. Magill (QUB), P. Ramsden (Birmingham/QUB), L. Shingles (GSI/QUB), S. Srivastav, J. H. Gillanders, H. Stevance, A. J. Cooper, F. Stoppa (Oxford), L. Rhodes (TSI/McGill), A. Rest (STScI), T.-W. Chen (NCU), C. Stubbs (Harvard), J. S. Sommer (LMU), B. P. Schmidt (ANU)",2024-12-07 22:15:42,"ATLAS24rfl, GOTO24jao, PS24mmi",2024TNSTR4790....1T,,2024-12-07 22:15:44,2024-12-15 08:23:39
168036,AT,2024adnz,133.907410846,20.5414946039,,,,48.0,ZTF,48.0,ZTF,2024-11-26 09:27:17.997,20.4764,110.0,g,"Jesper Sollerman (SU), Christoffer Fremling (Caltech), Daniel Perley (LJMU), Theophile du Laz (Caltech) on behalf of ZTF",2024-12-07 11:10:16,"ZTF24abutata, PS24mmu",2024TNSTR4795....1S,,2024-12-07 11:10:17,2024-12-15 09:32:41
167950,AT,2024adkt,190.270066201,-3.47229347059,,,,48.0,ZTF,48.0,ZTF,2024-12-02 13:00:50.002,19.6807,111.0,r,"Jesper Sollerman (SU), Christoffer Fremling (Caltech), Daniel Perley (LJMU), Theophile du Laz (Caltech) on behalf of ZTF",2024-12-05 16:20:19,"ZTF24abwlhuv, PS24mpa",2024TNSTR4772....1S,,2024-12-05 16:20:20,2024-12-15 12:04:28
167934,AT,2024adkd,165.604768214,27.6719230997,,,,18.0,ATLAS,18.0,ATLAS,2024-12-04 14:00:27.360,19.21,72.0,orange,"J. Tonry, L. Denneau, H. Weiland, R. Siverd (IfA, University of Hawaii), N. Erasmus, W. Koorts (South African Astronomical Observatory), A. Jordan, V. Suc (UAI, Obstech), S. J. Smartt, K. W. Smith (Oxford/QUB), D. R. Young, M. Nicholl, M. Fulton, M. McCollum, T. Moore, J. Weston, X. Sheng, C. R. Angus, A. Wilson, A. Aamer, D. Magill (QUB), P. Ramsden (Birmingham/QUB), L. Shingles (GSI/QUB), S. Srivastav, J. H. Gillanders, H. Stevance, A. J. Cooper, F. Stoppa (Oxford), L. Rhodes (TSI/McGill), A. Rest (STScI), T.-W. Chen (NCU), C. Stubbs (Harvard), J. S. Sommer (LMU), B. P. Schmidt (ANU)",2024-12-05 11:17:50,"ATLAS24rao, ZTF24abuhela, PS24mmt",2024TNSTR4768....1T,,2024-12-05 11:17:50,2024-12-15 09:32:12
167819,AT,2024adgc,17.0359801061,-13.1222447735,,,,18.0,ATLAS,18.0,ATLAS,2024-11-28 02:51:10.368,19.301,71.0,cyan,"J. Tonry, L. Denneau, H. Weiland, R. Siverd (IfA, University of Hawaii), N. Erasmus, W. Koorts (South African Astronomical Observatory), A. Jordan, V. Suc (UAI, Obstech), S. J. Smartt, K. W. Smith (Oxford/QUB), D. R. Young, M. Nicholl, M. Fulton, M. McCollum, T. Moore, J. Weston, X. Sheng, C. R. Angus, A. Wilson, A. Aamer, D. Magill (QUB), P. Ramsden (Birmingham/QUB), L. Shingles (GSI/QUB), S. Srivastav, J. H. Gillanders, H. Stevance, A. J. Cooper, F. Stoppa (Oxford), L. Rhodes (TSI/McGill), A. Rest (STScI), T.-W. Chen (NCU), C. Stubbs (Harvard), J. S. Sommer (LMU), B. P. Schmidt (ANU)",2024-12-03 08:20:01,"ATLAS24qyx, PS24mpe",2024TNSTR4734....1T,,2024-12-03 08:20:20,2024-12-15 12:08:38
167766,AT,2024adeb,164.069524783,21.972097655,,,,74.0,ALeRCE,48.0,ZTF,2024-12-02 11:37:01.998,19.9981,110.0,g,"A. Munoz-Arancibia, G. Pignata, F.E. Bauer, F. Forster, A. Mourao, L. Hernandez-Garcia, L. Galbany, J. Silva-Farfan, R. Dastidar, J.P. Brandt, A. Alvarez, G. Cabrera-Vives, R. Carrasco-Davis, P.A. Estevez, B. Gamboa, P. Huijse, H. Larranaga, C. Mansilla, K. Medina, D. Moreno, E. Munoz, I. Reyes, P. Sanchez-Saez, D. Rodriguez-Mancini, M. Catelan, S. Eyheramendy, M.J. Graham on behalf of the ALeRCE broker",2024-12-02 20:03:34,"ZTF24abvgcgc, PS24mmw",2024TNSTR4717....1M,,2024-12-02 20:03:39,2024-12-15 09:44:26
167749,AT,2024addk,155.815760661,22.4779918301,,,,48.0,ZTF,48.0,ZTF,2024-12-02 11:37:43.003,19.9072,110.0,g,"Jesper Sollerman (SU), Christoffer Fremling (Caltech), Daniel Perley (LJMU), Theophile du Laz (Caltech) on behalf of ZTF",2024-12-02 14:27:50,"ZTF24abvgcga, PS24mmy",2024TNSTR4725....1S,,2024-12-02 14:27:51,2024-12-15 10:50:31
167392,AT,2024acpr,134.04658293,41.3429937049,,,,18.0,ATLAS,18.0,ATLAS,2024-11-29 11:46:39.072,19.406,71.0,cyan,"J. Tonry, L. Denneau, H. Weiland, R. Siverd (IfA, University of Hawaii), N. Erasmus, W. Koorts (South African Astronomical Observatory), A. Jordan, V. Suc (UAI, Obstech), S. J. Smartt, K. W. Smith (Oxford/QUB), D. R. Young, M. Nicholl, M. Fulton, M. McCollum, T. Moore, J. Weston, X. Sheng, C. R. Angus, A. Wilson, A. Aamer, D. Magill (QUB), P. Ramsden (Birmingham/QUB), L. Shingles (GSI/QUB), S. Srivastav, J. H. Gillanders, H. Stevance, A. J. Cooper, F. Stoppa (Oxford), L. Rhodes (TSI/McGill), A. Rest (STScI), T.-W. Chen (NCU), C. Stubbs (Harvard), J. S. Sommer (LMU), B. P. Schmidt (ANU)",2024-11-29 15:59:53,"ATLAS24qul, ZTF24abugrwf, GOTO24itp, , PS24mny",2024TNSTR4678....1T,,2024-11-29 15:59:54,2024-12-15 11:39:07
167339,SN,2024acnq,155.748972861,20.6619678612,0.13,3.0,SN Ia,18.0,ATLAS,18.0,ATLAS,2024-11-27 13:57:59.616,19.41,71.0,cyan,"J. Tonry, L. Denneau, H. Weiland, R. Siverd (IfA, University of Hawaii), N. Erasmus, W. Koorts (South African Astronomical Observatory), A. Jordan, V. Suc (UAI, Obstech), S. J. Smartt, K. W. Smith (Oxford/QUB), D. R. Young, M. Nicholl, M. Fulton, M. McCollum, T. Moore, J. Weston, X. Sheng, C. R. Angus, A. Wilson, A. Aamer, D. Magill (QUB), P. Ramsden (Birmingham/QUB), L. Shingles (GSI/QUB), S. Srivastav, J. H. Gillanders, H. Stevance, A. J. Cooper, F. Stoppa (Oxford), L. Rhodes (TSI/McGill), A. Rest (STScI), T.-W. Chen (NCU), C. Stubbs (Harvard), J. S. Sommer (LMU), B. P. Schmidt (ANU)",2024-11-27 23:53:29,"ATLAS24qry, ZTF24abugyce, PS24mms",2024TNSTR4658....1T,2024TNSCR4716....1G,2024-11-27 23:53:30,2024-12-15 09:30:48
167164,AT,2024acgx,153.743267465,9.35772060401,,,,74.0,ALeRCE,48.0,ZTF,2024-11-26 12:04:39.996,19.3384,110.0,g,"A. Munoz-Arancibia, F.E. Bauer, G. Pignata, F. Forster, A. Mourao, L. Hernandez-Garcia, L. Galbany, J. Silva-Farfan, R. Dastidar, J.P. Brandt, A. Alvarez, G. Cabrera-Vives, R. Carrasco-Davis, P.A. Estevez, B. Gamboa, P. Huijse, H. Larranaga, C. Mansilla, K. Medina, D. Moreno, E. Munoz, E. Pizarro, I. Reyes, P. Sanchez-Saez, D. Rodriguez-Mancini, M. Catelan, S. Eyheramendy, M.J. Graham on behalf of the ALeRCE broker",2024-11-26 19:47:26,"ZTF24abuhgle, ATLAS24qvz, PS24mmh",2024TNSTR4637....1M,,2024-11-26 19:47:31,2024-12-15 08:23:12
166817,AT,2024abun,142.443874545,40.7459699584,,,,48.0,ZTF,48.0,ZTF,2024-11-18 10:14:27.000,20.0532,111.0,r,"Jesper Sollerman (SU), Christoffer Fremling (Caltech), Daniel Perley (LJMU), Theophile du Laz (Caltech) on behalf of ZTF",2024-11-22 13:19:44,"ZTF24abtmuoi, PS24mou",2024TNSTR4590....1S,,2024-11-22 13:19:45,2024-12-15 11:58:24
166595,SN,2024abme,28.8047449201,-21.7482783927,0.04,104.0,SN Ia-91T-like,18.0,ATLAS,18.0,ATLAS,2024-11-19 03:10:31.584,18.444,72.0,orange,"J. Tonry, L. Denneau, H. Weiland, R. Siverd (IfA, University of Hawaii), N. Erasmus, W. Koorts (South African Astronomical Observatory), A. Jordan, V. Suc (UAI, Obstech), S. J. Smartt, K. W. Smith (Oxford/QUB), D. R. Young, M. Nicholl, M. Fulton, M. McCollum, T. Moore, J. Weston, X. Sheng, C. R. Angus, A. Wilson, A. Aamer, D. Magill (QUB), P. Ramsden (Birmingham/QUB), L. Shingles (GSI/QUB), S. Srivastav, J. H. Gillanders, H. Stevance, A. J. Cooper, F. Stoppa (Oxford), L. Rhodes (TSI/McGill), A. Rest (STScI), T.-W. Chen (NCU), C. Stubbs (Harvard), J. S. Sommer (LMU), B. P. Schmidt (ANU)",2024-11-19 09:31:43,"ATLAS24qgn, GOTO24ine, PS24moo",2024TNSTR4541....1T,2024TNSCR4592....1T,2024-11-19 09:31:45,2024-12-15 11:52:59
166583,AT,2024abls,19.0153704848,-5.23939497102,,,,74.0,ALeRCE,48.0,ZTF,2024-11-18 03:07:51.001,18.8256,110.0,g,"A. Munoz-Arancibia, G. Pignata, F.E. Bauer, F. Forster, A. Mourao, L. Hernandez-Garcia, L. Galbany, J. Silva-Farfan, R. Dastidar, J.P. Brandt, A. Alvarez, G. Cabrera-Vives, R. Carrasco-Davis, P.A. Estevez, B. Gamboa, P. Huijse, H. Larranaga, C. Mansilla, K. Medina, D. Moreno, E. Munoz, E. Pizarro, I. Reyes, P. Sanchez-Saez, D. Rodriguez-Mancini, M. Catelan, S. Eyheramendy, M.J. Graham on behalf of the ALeRCE broker",2024-11-18 17:06:39,"ZTF24abswfcx, ATLAS24qiy, GOTO24iox, PS24moh",2024TNSTR4526....1M,,2024-11-18 17:06:41,2024-12-15 11:46:16
166547,SN,2024abkj,138.583058413,14.87873399,0.04,3.0,SN Ia,48.0,ZTF,48.0,ZTF,2024-11-17 10:10:28.001,18.951,111.0,r,"Jacob Wise (LJMU), Christoffer Fremling (Caltech), Daniel Perley (LJMU), Theophile du Laz (Caltech) on behalf of ZTF",2024-11-17 23:05:59,"ZTF24absvdpn, ATLAS24qgz, GOTO24ikz, PS24mqf",2024TNSTR4521....1W,2024TNSCR4675....1A,2024-11-17 23:06:01,2024-12-15 16:56:38
166432,AT,2024abfy,139.102275445,39.4079844097,,,,48.0,ZTF,48.0,ZTF,2024-11-13 11:55:01.997,20.273,110.0,g,"Jesper Sollerman (SU), Christoffer Fremling (Caltech), Daniel Perley (LJMU), Theophile du Laz (Caltech) on behalf of ZTF",2024-11-17 09:35:02,"ZTF24absmvsz, ATLAS24qud, PS24moq",2024TNSTR4522....1S,,2024-11-17 09:35:03,2024-12-15 11:54:27
166296,AT,2024abau,134.842117336,58.4509828116,,,,48.0,ZTF,48.0,ZTF,2024-11-09 12:57:13.000,20.7852,110.0,g,"Jesper Sollerman (SU), Christoffer Fremling (Caltech), Daniel Perley (LJMU), Theophile du Laz (Caltech) on behalf of ZTF",2024-11-13 14:01:35,"ZTF24absmnsk, ATLAS24quj, GOTO24iqa, PS24mml",2024TNSTR4483....1S,,2024-11-13 14:01:35,2024-12-15 09:10:57
166188,SN,2024aawq,31.1125360402,16.2218915227,0.06,3.0,SN Ia,48.0,ZTF,48.0,ZTF,2024-11-09 04:12:40.996,20.2667,111.0,r,"Jesper Sollerman (SU), Christoffer Fremling (Caltech), Daniel Perley (LJMU), Theophile du Laz (Caltech) on behalf of ZTF",2024-11-11 08:49:34,"ZTF24abrmdti, ATLAS24qge, PS24mpc",2024TNSTR4441....1S,2024TNSCR4471....1T,2024-11-11 08:49:35,2024-12-15 12:05:55
166122,AT,2024aauc,147.014788328,23.6316854209,,,,48.0,ZTF,48.0,ZTF,2024-10-31 12:25:13.995,20.3231,110.0,g,"Daniel Perley (LJMU), Christoffer Fremling (Caltech), Theophile du Laz (Caltech) on behalf of ZTF",2024-11-09 13:26:00,"ZTF24abricyl, PS24mpb",2024TNSTR4403....1P,,2024-11-09 13:26:01,2024-12-15 12:05:23
166072,SN,2024aasf,148.881620128,32.5922544359,0.1,3.0,SN Ia,48.0,ZTF,48.0,ZTF,2024-11-08 11:30:35.003,19.179,110.0,g,"Jesper Sollerman (SU), Christoffer Fremling (Caltech), Daniel Perley (LJMU), Theophile du Laz (Caltech) on behalf of ZTF",2024-11-08 16:16:02,"ZTF24abribze, GOTO24idm, ATLAS24qhu, PS24mpq",2024TNSTR4385....1S,2024TNSCR4524....1S,2024-11-08 16:16:04,2024-12-15 16:13:22
164925,AT,2024zat,65.9954864379,-18.2958844533,,,,48.0,ZTF,48.0,ZTF,2024-10-24 09:01:31.998,19.593,110.0,g,"Jesper Sollerman (SU), Christoffer Fremling (Caltech), Daniel Perley (LJMU), Theophile du Laz (Caltech) on behalf of ZTF",2024-10-24 11:03:26,"ZTF24aboiurx, ATLAS24pql, GOTO24hvc, PS24mof",2024TNSTR4135....1S,,2024-10-24 11:03:28,2024-12-15 11:44:53
164110,AT,2024xyl,139.874045223,10.5887027735,,,,48.0,ZTF,48.0,ZTF,2024-10-13 11:17:51.996,18.9716,110.0,g,"Jesper Sollerman (SU), Christoffer Fremling (Caltech), Daniel Perley (LJMU), Theophile du Laz (Caltech) on behalf of ZTF",2024-10-13 13:18:02,"ZTF24ablzlmd, ATLAS24phv, GOTO24hsl, PS24mnu",2024TNSTR3982....1S,,2024-10-13 13:18:03,2024-12-15 11:30:17
168368,AT,2024aear,150.370854317,10.9481101223,,,,4.0,Pan-STARRS,4.0,Pan-STARRS,2024-12-08 13:34:46.848,20.72,26.0,w,"K. C. Chambers, T. de Boer, J. Fairlamb, M. Huber, C.-C. Lin, T. Lowe, E. Magnier, A. Schultz, R. J. Wainscoat, H. Gao, P. Minguez (IfA, University of Hawaii), K. W. Smith, D. R. Young, S. Srivastav, M. Fulton, S. J. Smartt, M. Nicholl, T. Moore, J. Weston, C. R. Angus, S. Sim (Queen's University Belfast), D. E. Wright (University of Minnesota)",2024-12-14 22:41:59,PS24mmb,2024TNSTR4907....1C,,2024-12-14 22:42:01,2024-12-14 22:42:01
168366,AT,2024aeap,156.53371249,22.8540952292,,,,4.0,Pan-STARRS,4.0,Pan-STARRS,2024-12-08 13:39:04.320,20.62,26.0,w,"K. C. Chambers, T. de Boer, J. Fairlamb, M. Huber, C.-C. Lin, T. Lowe, E. Magnier, A. Schultz, R. J. Wainscoat, H. Gao, P. Minguez (IfA, University of Hawaii), K. W. Smith, D. R. Young, S. Srivastav, M. Fulton, S. J. Smartt, M. Nicholl, T. Moore, J. Weston, C. R. Angus, S. Sim (Queen's University Belfast), D. E. Wright (University of Minnesota)",2024-12-14 22:32:29,PS24mly,2024TNSTR4907....1C,,2024-12-14 22:32:30,2024-12-14 22:32:30
168365,AT,2024aeao,148.632175307,2.65260116451,,,,4.0,Pan-STARRS,4.0,Pan-STARRS,2024-12-11 14:00:43.776,20.76,26.0,w,"K. C. Chambers, T. de Boer, J. Fairlamb, M. Huber, C.-C. Lin, T. Lowe, E. Magnier, A. Schultz, R. J. Wainscoat, H. Gao, P. Minguez (IfA, University of Hawaii), K. W. Smith, D. R. Young, S. Srivastav, M. Fulton, S. J. Smartt, M. Nicholl, T. Moore, J. Weston, C. R. Angus, S. Sim (Queen's University Belfast), D. E. Wright (University of Minnesota)",2024-12-14 21:49:39,PS24mls,2024TNSTR4907....1C,,2024-12-14 21:49:40,2024-12-14 21:49:40
168364,AT,2024aean,172.596338258,6.57238769917,,,,4.0,Pan-STARRS,4.0,Pan-STARRS,2024-12-13 15:04:06.240,19.85,26.0,w,"K. C. Chambers, T. de Boer, J. Fairlamb, M. Huber, C.-C. Lin, T. Lowe, E. Magnier, A. Schultz, R. J. Wainscoat, H. Gao, P. Minguez (IfA, University of Hawaii), K. W. Smith, D. R. Young, S. Srivastav, M. Fulton, S. J. Smartt, M. Nicholl, T. Moore, J. Weston, C. R. Angus, S. Sim (Queen's University Belfast), D. E. Wright (University of Minnesota)",2024-12-14 21:47:43,PS24mlq,2024TNSTR4907....1C,,2024-12-14 21:47:44,2024-12-14 21:47:44
168363,AT,2024aeam,178.600210661,5.48229763204,,,,4.0,Pan-STARRS,4.0,Pan-STARRS,2024-12-13 15:08:40.992,20.74,26.0,w,"K. C. Chambers, T. de Boer, J. Fairlamb, M. Huber, C.-C. Lin, T. Lowe, E. Magnier, A. Schultz, R. J. Wainscoat, H. Gao, P. Minguez (IfA, University of Hawaii), K. W. Smith, D. R. Young, S. Srivastav, M. Fulton, S. J. Smartt, M. Nicholl, T. Moore, J. Weston, C. R. Angus, S. Sim (Queen's University Belfast), D. E. Wright (University of Minnesota)",2024-12-14 21:47:09,PS24mlp,2024TNSTR4907....1C,,2024-12-14 21:47:09,2024-12-14 21:47:09
168360,AT,2024aeaj,6.0787,-1.6411,,,,14.0,SNHunt,13.0,CRTS,2024-12-14 03:58:10.000,19.5,55.0,V-crts,"Michele Mazzucato, Micro Villi on behalf of SNHunt",2024-12-14 21:40:47,,2024TNSTR4908....1M,,2024-12-14 21:40:48,2024-12-14 21:40:48
168359,AT,2024aeai,251.583125,43.941931,,,,24.0,GaiaAlerts,24.0,GaiaAlerts,2024-11-15 08:16:47.000,18.25,75.0,G,"S.T. Hodgkin, E. Breedt, A. Delgado, D.L. Harrison, M. van Leeuwen, G. Rixon, T. Wevers, A. Yoldas (IoA Cambridge), N. Ihanec, K. Kruszyńska, K.A. Rybicki, Ł. Wyrzykowski (Warsaw University Astronomical Observatory), Z. Kostrzewa-Rutkowska (Leiden Observatory), D. Eappachen (SRON/RU), G. Marton (Konkoly Observatory), on behalf of the Gaia Alerts team",2024-12-14 21:18:08,Gaia24dqq,2024TNSTR4903....1H,,2024-12-14 21:18:09,2024-12-14 21:18:09
168356,AT,2024aeaf,255.182417,46.408361,,,,24.0,GaiaAlerts,24.0,GaiaAlerts,2024-12-12 08:12:28.800,18.49,75.0,G,"S.T. Hodgkin, E. Breedt, A. Delgado, D.L. Harrison, M. van Leeuwen, G. Rixon, T. Wevers, A. Yoldas (IoA Cambridge), N. Ihanec, K. Kruszyńska, K.A. Rybicki, Ł. Wyrzykowski (Warsaw University Astronomical Observatory), Z. Kostrzewa-Rutkowska (Leiden Observatory), D. Eappachen (SRON/RU), G. Marton (Konkoly Observatory), on behalf of the Gaia Alerts team",2024-12-14 21:17:34,Gaia24dql,2024TNSTR4903....1H,,2024-12-14 21:17:36,2024-12-14 21:17:36
168348,AT,2024adzx,174.283788438,7.53165684908,,,,4.0,Pan-STARRS,4.0,Pan-STARRS,2024-12-13 15:05:00.672,21.45,26.0,w,"K. C. Chambers, T. de Boer, J. Fairlamb, M. Huber, C.-C. Lin, T. Lowe, E. Magnier, A. Schultz, R. J. Wainscoat, H. Gao, P. Minguez (IfA, University of Hawaii), K. W. Smith, D. R. Young, S. Srivastav, M. Fulton, S. J. Smartt, M. Nicholl, T. Moore, J. Weston, C. R. Angus, S. Sim (Queen's University Belfast), D. E. Wright (University of Minnesota)",2024-12-14 14:09:13,PS24mlj,2024TNSTR4907....1C,,2024-12-14 14:09:15,2024-12-14 14:09:15
168342,AT,2024adzr,146.3098566,44.3471082,,,,48.0,ZTF,48.0,ZTF,2024-12-08 11:22:11.999,20.4891,111.0,r,"Jesper Sollerman (SU), Christoffer Fremling (Caltech), Daniel Perley (LJMU), Theophile du Laz (Caltech) on behalf of ZTF",2024-12-14 12:18:05,ZTF24abxxfzd,2024TNSTR4910....1S,,2024-12-14 12:18:06,2024-12-14 12:18:06
168335,AT,2024adzk,22.7682568,-6.4397084,,,,48.0,ZTF,48.0,ZTF,2024-12-07 04:34:52.999,19.7612,110.0,g,"Jesper Sollerman (SU), Christoffer Fremling (Caltech), Daniel Perley (LJMU), Theophile du Laz (Caltech) on behalf of ZTF",2024-12-14 07:08:14,ZTF24abxvvfi,2024TNSTR4910....1S,,2024-12-14 07:08:15,2024-12-14 07:08:15
168330,AT,2024adzf,256.122875,45.254931,,,,24.0,GaiaAlerts,24.0,GaiaAlerts,2024-12-11 20:12:28.800,17.8,75.0,G,"S.T. Hodgkin, E. Breedt, A. Delgado, D.L. Harrison, M. van Leeuwen, G. Rixon, T. Wevers, A. Yoldas (IoA Cambridge), N. Ihanec, K. Kruszyńska, K.A. Rybicki, Ł. Wyrzykowski (Warsaw University Astronomical Observatory), Z. Kostrzewa-Rutkowska (Leiden Observatory), D. Eappachen (SRON/RU), G. Marton (Konkoly Observatory), on behalf of the Gaia Alerts team",2024-12-14 00:21:03,Gaia24dqh,2024TNSTR4903....1H,,2024-12-14 00:21:04,2024-12-14 00:21:04
168307,AT,2024adyi,166.86272,-4.598565,,,,59.0,GOTO,59.0,GOTO,2024-12-11 04:29:40.128,19.34,120.0,L,"G. Ramsay, D. O'Neill, K. Ackley, M. Dyer, F. Jiménez-Ibarra, J. Lyman, K. Ulaczyk, D. Steeghs, D. Galloway, V. Dhillon, P. O'Brien, K. Noysena, R. Kotak, R. Breton, L. Nuttall, E. Pallé, D. Pollacco, T. Killestein, A. Kumar, on behalf of GOTO collaboration",2024-12-12 19:53:42,"GOTO24jau, ATLAS24rkh",2024TNSTR4880....1R,,2024-12-12 19:53:44,2024-12-14 19:04:21
168169,AT,2024adta,184.056081,28.7601195,,,,59.0,GOTO,59.0,GOTO,2024-12-09 05:07:48.864,19.08,120.0,L,"G. Ramsay, D. O'Neill, K. Ackley, M. Dyer, F. Jiménez-Ibarra, J. Lyman, K. Ulaczyk, D. Steeghs, D. Galloway, V. Dhillon, P. O'Brien, K. Noysena, R. Kotak, R. Breton, L. Nuttall, E. Pallé, D. Pollacco, T. Killestein, A. Kumar, on behalf of GOTO collaboration",2024-12-09 09:57:42,"GOTO24iwz, ATLAS24rib, ZTF24abxxflg",2024TNSTR4829....1R,,2024-12-09 09:57:43,2024-12-14 14:00:34
167945,AT,2024adko,175.437921979,8.36370604429,,,,48.0,ZTF,48.0,ZTF,2024-11-30 10:48:05.996,19.9919,110.0,g,"Jesper Sollerman (SU), Christoffer Fremling (Caltech), Daniel Perley (LJMU), Theophile du Laz (Caltech) on behalf of ZTF",2024-12-05 13:34:25,"ZTF24abwlgza, ATLAS24rhf, GOTO24jat, PS24mlk",2024TNSTR4772....1S,,2024-12-05 13:34:26,2024-12-14 14:09:35
167715,AT,2024adcc,68.8285469722,-17.3373517638,,,,48.0,ZTF,48.0,ZTF,2024-11-23 06:32:25.995,20.726,110.0,g,"Jesper Sollerman (SU), Christoffer Fremling (Caltech), Daniel Perley (LJMU), Theophile du Laz (Caltech) on behalf of ZTF",2024-12-02 07:16:21,"ZTF24abushfv, PS24mlz",2024TNSTR4725....1S,,2024-12-02 07:16:22,2024-12-14 22:35:22
167477,AT,2024acsy,137.328253449,6.39713504725,,,,18.0,ATLAS,18.0,ATLAS,2024-11-30 12:04:20.064,19.049,71.0,cyan,"J. Tonry, L. Denneau, H. Weiland, R. Siverd (IfA, University of Hawaii), N. Erasmus, W. Koorts (South African Astronomical Observatory), A. Jordan, V. Suc (UAI, Obstech), S. J. Smartt, K. W. Smith (Oxford/QUB), D. R. Young, M. Nicholl, M. Fulton, M. McCollum, T. Moore, J. Weston, X. Sheng, C. R. Angus, A. Wilson, A. Aamer, D. Magill (QUB), P. Ramsden (Birmingham/QUB), L. Shingles (GSI/QUB), S. Srivastav, J. H. Gillanders, H. Stevance, A. J. Cooper, F. Stoppa (Oxford), L. Rhodes (TSI/McGill), A. Rest (STScI), T.-W. Chen (NCU), C. Stubbs (Harvard), J. S. Sommer (LMU), B. P. Schmidt (ANU)",2024-11-30 17:42:25,"ATLAS24qvb, GOTO24itg, ZTF24abxrkvn, PS24mlw",2024TNSTR4693....1T,,2024-11-30 17:42:26,2024-12-14 22:26:49
167429,AT,2024acrc,154.27642524,32.9095746793,,,,48.0,ZTF,48.0,ZTF,2024-11-26 10:38:11.002,20.0769,111.0,r,"Eli Gendreau-Distler (UC Berkeley), Jesper Sollerman (SU), Christoffer Fremling (Caltech), Daniel Perley (LJMU), Theophile du Laz (Caltech) on behalf of ZTF",2024-11-30 12:05:23,"ZTF24abugqth, ATLAS24qya, PS24mmd",2024TNSTR4699....1G,,2024-11-30 12:05:24,2024-12-14 22:43:07
167338,SN,2024acnp,166.623874556,32.0715351756,0.035,3.0,SN Ia,18.0,ATLAS,18.0,ATLAS,2024-11-27 13:38:22.848,18.777,71.0,cyan,"J. Tonry, L. Denneau, H. Weiland, R. Siverd (IfA, University of Hawaii), N. Erasmus, W. Koorts (South African Astronomical Observatory), A. Jordan, V. Suc (UAI, Obstech), S. J. Smartt, K. W. Smith (Oxford/QUB), D. R. Young, M. Nicholl, M. Fulton, M. McCollum, T. Moore, J. Weston, X. Sheng, C. R. Angus, A. Wilson, A. Aamer, D. Magill (QUB), P. Ramsden (Birmingham/QUB), L. Shingles (GSI/QUB), S. Srivastav, J. H. Gillanders, H. Stevance, A. J. Cooper, F. Stoppa (Oxford), L. Rhodes (TSI/McGill), A. Rest (STScI), T.-W. Chen (NCU), C. Stubbs (Harvard), J. S. Sommer (LMU), B. P. Schmidt (ANU)",2024-11-27 23:52:39,"ATLAS24qrw, ZTF24abuqgob, GOTO24iqz, PS24mlr",2024TNSTR4658....1T,2024TNSCR4765....1F,2024-11-27 23:52:40,2024-12-14 21:49:08
167256,AT,2024ackl,32.86325,11.835161,,,,4.0,Pan-STARRS,4.0,Pan-STARRS,2024-11-24 06:03:00.576,19.2,26.0,w,"K. C. Chambers, T. de Boer, J. Herman, J. Fairlamb, M. Huber, C.-C. Lin, T. Lowe, E. Magnier, A. Schultz, R. J. Wainscoat, H. Gao, P. Minguez (IfA, University of Hawaii), K. W. Smith, D. R. Young, S. Srivastav, M. Fulton, S. J. Smartt, M. Nicholl, T. Moore, J. Weston, C. R. Angus, S. Sim (Queen's University Belfast), D. E. Wright (University of Minnesota)",2024-11-27 14:13:55,"PS24lob, ATLAS24qwf, Gaia24dqm",2024TNSTR4662....1C,,2024-11-27 14:13:55,2024-12-14 21:17:41
167146,AT,2024acgf,162.907660498,1.4532290892,,,,48.0,ZTF,48.0,ZTF,2024-11-17 12:09:21.997,19.773,111.0,r,"Jesper Sollerman (SU), Christoffer Fremling (Caltech), Daniel Perley (LJMU), Theophile du Laz (Caltech) on behalf of ZTF",2024-11-26 13:52:43,"ZTF24abuhbmk, ATLAS24qvy, GOTO24irc, PS24mlt",2024TNSTR4650....1S,,2024-11-26 13:52:43,2024-12-14 21:50:47
167096,AT,2024aceh,224.0826293,47.4057779,,,,18.0,ATLAS,18.0,ATLAS,2024-11-25 15:09:55.296,17.467,72.0,orange,"J. Tonry, L. Denneau, H. Weiland, R. Siverd (IfA, University of Hawaii), N. Erasmus, W. Koorts (South African Astronomical Observatory), A. Jordan, V. Suc (UAI, Obstech), S. J. Smartt, K. W. Smith (Oxford/QUB), D. R. Young, M. Nicholl, M. Fulton, M. McCollum, T. Moore, J. Weston, X. Sheng, C. R. Angus, A. Wilson, A. Aamer, D. Magill (QUB), P. Ramsden (Birmingham/QUB), L. Shingles (GSI/QUB), S. Srivastav, J. H. Gillanders, H. Stevance, A. J. Cooper, F. Stoppa (Oxford), L. Rhodes (TSI/McGill), A. Rest (STScI), T.-W. Chen (NCU), C. Stubbs (Harvard), J. S. Sommer (LMU), B. P. Schmidt (ANU)",2024-11-25 22:53:43,"ATLAS24qoo, ZTF24abwsvpv",2024TNSTR4621....1T,,2024-11-25 22:53:44,2024-12-14 13:53:42
167038,SN,2024acda,155.978378416,41.9872668711,0.041,3.0,SN Ia,48.0,ZTF,48.0,ZTF,2024-11-23 11:09:48.000,19.7103,110.0,g,"Jesper Sollerman (SU), Christoffer Fremling (Caltech), Daniel Perley (LJMU), Theophile du Laz (Caltech) on behalf of ZTF",2024-11-25 11:14:06,"ZTF24abttoau, ATLAS24qoc, PS24ltk, GOTO24irn",2024TNSTR4631....1S,2024TNSCR4748....1F,2024-11-25 11:14:07,2024-12-14 13:43:41
166288,AT,2024abam,138.50345155,-1.84496840355,,,,48.0,ZTF,48.0,ZTF,2024-11-09 11:58:56.003,20.2558,110.0,g,"Jesper Sollerman (SU), Christoffer Fremling (Caltech), Daniel Perley (LJMU), Theophile du Laz (Caltech) on behalf of ZTF",2024-11-13 12:07:50,"ZTF24absmlws, ATLAS24qny, GOTO24ipw, PS24mmc",2024TNSTR4483....1S,,2024-11-13 12:07:51,2024-12-14 22:42:33
165082,AT,2024zgu,179.00887389,7.8461473943,,,,74.0,ALeRCE,48.0,ZTF,2024-10-24 12:58:09.998,17.0805,111.0,r,"A. Munoz-Arancibia, G. Pignata, F.E. Bauer, F. Forster, A. Mourao, L. Hernandez-Garcia, L. Galbany, J. Silva-Farfan, R. Dastidar, J.P. Brandt, A. Alvarez, G. Cabrera-Vives, R. Carrasco-Davis, P.A. Estevez, B. Gamboa, P. Huijse, H. Larranaga, C. Mansilla, K. Medina, D. Moreno, E. Munoz, E. Pizarro, I. Reyes, P. Sanchez-Saez, D. Rodriguez-Mancini, M. Catelan, S. Eyheramendy, M.J. Graham on behalf of the ALeRCE broker",2024-10-25 12:35:06,"ZTF24abokgyn, GOTO24idi, ATLAS24qcp, PS24mle",2024TNSTR4142....1M,,2024-10-25 12:35:08,2024-12-14 13:39:03
164106,AT,2024xyh,165.274894844,1.8686582667,,,,48.0,ZTF,48.0,ZTF,2024-10-12 12:47:00.000,19.284,111.0,r,"Jesper Sollerman (SU), Christoffer Fremling (Caltech), Daniel Perley (LJMU), Theophile du Laz (Caltech) on behalf of ZTF",2024-10-13 13:16:06,"ZTF24abmuhbu, ATLAS24qqa, GOTO24isa, PS24mli",2024TNSTR3982....1S,,2024-10-13 13:16:08,2024-12-14 13:40:43
168315,AT,2024adyq,140.984029689,-0.875739366365,,,,4.0,Pan-STARRS,4.0,Pan-STARRS,2024-12-07 14:38:50.784,20.77,26.0,w,"K. C. Chambers, T. de Boer, J. Fairlamb, M. Huber, C.-C. Lin, T. Lowe, E. Magnier, A. Schultz, R. J. Wainscoat, H. Gao, P. Minguez (IfA, University of Hawaii), K. W. Smith, D. R. Young, S. Srivastav, M. Fulton, S. J. Smartt, M. Nicholl, T. Moore, J. Weston, C. R. Angus, S. Sim (Queen's University Belfast), D. E. Wright (University of Minnesota)",2024-12-13 10:32:57,PS24mla,2024TNSTR4897....1C,,2024-12-13 10:32:59,2024-12-13 10:32:59
168309,AT,2024adyk,186.0164316,8.411799,,,,48.0,ZTF,48.0,ZTF,2024-12-06 12:59:56.002,20.6039,110.0,g,"Jesper Sollerman (SU), Christoffer Fremling (Caltech), Daniel Perley (LJMU), Theophile du Laz (Caltech) on behalf of ZTF",2024-12-13 05:18:44,ZTF24abxvcyp,2024TNSTR4900....1S,,2024-12-13 05:18:45,2024-12-13 05:18:45
167745,AT,2024addg,221.858792,5.443539,,,,48.0,ZTF,48.0,ZTF,2024-11-30 13:26:41.997,19.3358,111.0,r,"Jesper Sollerman (SU), Christoffer Fremling (Caltech), Daniel Perley (LJMU), Theophile du Laz (Caltech) on behalf of ZTF",2024-12-02 14:27:03,"ZTF24abuvpkt, Gaia24dpv",2024TNSTR4725....1S,,2024-12-02 14:27:04,2024-12-13 10:02:22
168303,AT,2024adye,143.661103862,32.0736107293,,,,4.0,Pan-STARRS,4.0,Pan-STARRS,2024-12-06 12:45:50.112,20.8,26.0,w,"K. C. Chambers, T. de Boer, J. Fairlamb, M. Huber, C.-C. Lin, T. Lowe, E. Magnier, A. Schultz, R. J. Wainscoat, H. Gao, P. Minguez (IfA, University of Hawaii), K. W. Smith, D. R. Young, S. Srivastav, M. Fulton, S. J. Smartt, M. Nicholl, T. Moore, J. Weston, C. R. Angus, S. Sim (Queen's University Belfast), D. E. Wright (University of Minnesota)",2024-12-12 18:06:26,PS24mkw,2024TNSTR4882....1C,,2024-12-12 18:06:28,2024-12-12 18:06:28
168302,AT,2024adyd,151.693133703,19.2207806399,,,,4.0,Pan-STARRS,4.0,Pan-STARRS,2024-12-08 13:59:02.688,21.33,26.0,w,"K. C. Chambers, T. de Boer, J. Fairlamb, M. Huber, C.-C. Lin, T. Lowe, E. Magnier, A. Schultz, R. J. Wainscoat, H. Gao, P. Minguez (IfA, University of Hawaii), K. W. Smith, D. R. Young, S. Srivastav, M. Fulton, S. J. Smartt, M. Nicholl, T. Moore, J. Weston, C. R. Angus, S. Sim (Queen's University Belfast), D. E. Wright (University of Minnesota)",2024-12-12 18:05:26,PS24mkv,2024TNSTR4882....1C,,2024-12-12 18:05:27,2024-12-12 18:05:27
168300,AT,2024adyb,146.433201316,54.6664834907,,,,4.0,Pan-STARRS,4.0,Pan-STARRS,2024-12-07 14:32:32.352,21.24,26.0,w,"K. C. Chambers, T. de Boer, J. Fairlamb, M. Huber, C.-C. Lin, T. Lowe, E. Magnier, A. Schultz, R. J. Wainscoat, H. Gao, P. Minguez (IfA, University of Hawaii), K. W. Smith, D. R. Young, S. Srivastav, M. Fulton, S. J. Smartt, M. Nicholl, T. Moore, J. Weston, C. R. Angus, S. Sim (Queen's University Belfast), D. E. Wright (University of Minnesota)",2024-12-12 18:03:03,PS24mkr,2024TNSTR4882....1C,,2024-12-12 18:03:04,2024-12-12 18:03:04
168299,AT,2024adya,155.196912282,8.28265478054,,,,4.0,Pan-STARRS,4.0,Pan-STARRS,2024-12-08 13:42:14.400,20.78,26.0,w,"K. C. Chambers, T. de Boer, J. Fairlamb, M. Huber, C.-C. Lin, T. Lowe, E. Magnier, A. Schultz, R. J. Wainscoat, H. Gao, P. Minguez (IfA, University of Hawaii), K. W. Smith, D. R. Young, S. Srivastav, M. Fulton, S. J. Smartt, M. Nicholl, T. Moore, J. Weston, C. R. Angus, S. Sim (Queen's University Belfast), D. E. Wright (University of Minnesota)",2024-12-12 18:02:25,PS24mkq,2024TNSTR4882....1C,,2024-12-12 18:02:27,2024-12-12 18:02:27
168298,AT,2024adxz,154.234189367,7.88168432185,,,,4.0,Pan-STARRS,4.0,Pan-STARRS,2024-12-08 13:42:14.400,20.52,26.0,w,"K. C. Chambers, T. de Boer, J. Fairlamb, M. Huber, C.-C. Lin, T. Lowe, E. Magnier, A. Schultz, R. J. Wainscoat, H. Gao, P. Minguez (IfA, University of Hawaii), K. W. Smith, D. R. Young, S. Srivastav, M. Fulton, S. J. Smartt, M. Nicholl, T. Moore, J. Weston, C. R. Angus, S. Sim (Queen's University Belfast), D. E. Wright (University of Minnesota)",2024-12-12 17:59:23,PS24mkp,2024TNSTR4882....1C,,2024-12-12 17:59:25,2024-12-12 17:59:25
168295,AT,2024adxw,246.684292,30.08365,,,,24.0,GaiaAlerts,24.0,GaiaAlerts,2024-11-20 21:57:36.000,20.09,75.0,G,"S.T. Hodgkin, E. Breedt, A. Delgado, D.L. Harrison, M. van Leeuwen, G. Rixon, T. Wevers, A. Yoldas (IoA Cambridge), N. Ihanec, K. Kruszyńska, K.A. Rybicki, Ł. Wyrzykowski (Warsaw University Astronomical Observatory), Z. Kostrzewa-Rutkowska (Leiden Observatory), D. Eappachen (SRON/RU), G. Marton (Konkoly Observatory), on behalf of the Gaia Alerts team",2024-12-12 17:29:25,Gaia24dpq,2024TNSTR4876....1H,,2024-12-12 17:29:26,2024-12-12 17:29:26
168292,AT,2024adxt,228.7926328,10.4493847,,,,48.0,ZTF,48.0,ZTF,2024-12-02 13:22:14.001,19.865,111.0,r,"Jesper Sollerman (SU), Christoffer Fremling (Caltech), Daniel Perley (LJMU), Theophile du Laz (Caltech) on behalf of ZTF",2024-12-12 13:27:41,ZTF24abwzbei,2024TNSTR4884....1S,,2024-12-12 13:27:43,2024-12-12 13:27:43
168291,AT,2024adxs,214.2221342,-7.7014219,,,,48.0,ZTF,48.0,ZTF,2024-12-08 13:14:59.997,19.2822,111.0,r,"Jesper Sollerman (SU), Christoffer Fremling (Caltech), Daniel Perley (LJMU), Theophile du Laz (Caltech) on behalf of ZTF",2024-12-12 13:27:23,ZTF24abxgkfv,2024TNSTR4884....1S,,2024-12-12 13:27:24,2024-12-12 13:27:24
168275,AT,2024adxc,222.640667,8.492711,,,,24.0,GaiaAlerts,24.0,GaiaAlerts,2024-12-08 10:39:21.600,18.69,75.0,G,"S.T. Hodgkin, E. Breedt, A. Delgado, D.L. Harrison, M. van Leeuwen, G. Rixon, T. Wevers, A. Yoldas (IoA Cambridge), N. Ihanec, K. Kruszyńska, K.A. Rybicki, Ł. Wyrzykowski (Warsaw University Astronomical Observatory), Z. Kostrzewa-Rutkowska (Leiden Observatory), D. Eappachen (SRON/RU), G. Marton (Konkoly Observatory), on behalf of the Gaia Alerts team",2024-12-12 09:58:20,Gaia24dpi,2024TNSTR4876....1H,,2024-12-12 09:58:21,2024-12-12 09:58:21
168269,AT,2024adww,17.128248074,9.91361985709,,,,4.0,Pan-STARRS,4.0,Pan-STARRS,2024-09-05 11:08:21.696,20.54,26.0,w,"K. C. Chambers, T. de Boer, J. Fairlamb, M. Huber, C.-C. Lin, T. Lowe, E. Magnier, A. Schultz, R. J. Wainscoat, H. Gao, P. Minguez (IfA, University of Hawaii), K. W. Smith, D. R. Young, S. Srivastav, M. Fulton, S. J. Smartt, M. Nicholl, T. Moore, J. Weston, C. R. Angus, S. Sim (Queen's University Belfast), D. E. Wright (University of Minnesota)",2024-12-12 09:32:09,PS24mkj,2024TNSTR4882....1C,,2024-12-12 09:32:11,2024-12-12 09:32:11
168265,AT,2024adws,6.5208038,28.6958364,,,,48.0,ZTF,48.0,ZTF,2024-12-05 04:53:11.999,21.0439,110.0,g,"Nabeel Rehemtulla (CIERA, NU), Christoffer Fremling (Caltech), Daniel Perley (LJMU), Theophile du Laz (Caltech) on behalf of ZTF",2024-12-12 04:35:47,ZTF24abxtycc,2024TNSTR4886....1R,,2024-12-12 04:35:49,2024-12-12 04:35:49
168263,AT,2024adwq,7.0256873,26.3446334,,,,48.0,ZTF,48.0,ZTF,2024-12-05 04:53:11.999,21.1279,110.0,g,"Nabeel Rehemtulla (CIERA, NU), Christoffer Fremling (Caltech), Daniel Perley (LJMU), Theophile du Laz (Caltech) on behalf of ZTF",2024-12-12 04:30:59,ZTF24abxtveu,2024TNSTR4886....1R,,2024-12-12 04:31:00,2024-12-12 04:31:00
168261,AT,2024adwo,207.017542,24.635556,,,,10.0,XOSS,10.0,XOSS,2024-12-12 00:02:28.608,19.15,1.0,Clear,"Mi Zhang, Jianlin Xu, Guoyou Sun, Jiangao Ruan, Jingyuan Zhao, Wenjie Zhou, Yong Ma, Quanzhi Ye, Zhuoyang Chen (Xingming Obs.), Hanjie Tan (AUUK), Guangwei Wu (NAAA), Xing Gao, Ali Esamdin, Chunhai Bai, Yong Wang (XAO), on behalf of the KATS team",2024-12-12 02:38:23,KATS24X017,2024TNSTR4883....1Z,,2024-12-12 02:38:24,2024-12-12 02:38:24
167919,AT,2024adjo,140.980414278,29.8831453396,,,,48.0,ZTF,48.0,ZTF,2024-12-02 11:24:31.968,20.6484,111.0,r,K. De (Caltech) on behalf of ZTF,2024-12-04 23:01:00,"ZTF24abwbfot, ATLAS24ril, PS24mkx",2024TNSTR4762....1D,,2024-12-04 23:01:02,2024-12-12 18:07:30
167900,AT,2024adiw,174.1136392,55.6865033,,,,10.0,XOSS,10.0,XOSS,2024-12-03 21:29:00.096,18.83,1.0,Clear,"Ziyang Mai, Jianlin Xu, Mi Zhang, Guoyou Sun, Jiangao Ruan, Jingyuan Zhao, Wenjie Zhou, Yong Ma, Quanzhi Ye, Zhuoyang Chen (Xingming Obs.), Hanjie Tan (AUUK), Guangwei Wu (NAAA), Xing Gao, Ali Esamdin, Chunhai Bai, Yong Wang (XAO), on behalf of the KATS team",2024-12-04 17:36:04,"KATS24X005, ATLAS24rbn, ZTF24abtthrl",2024TNSTR4758....1M,,2024-12-04 17:36:05,2024-12-12 05:43:21
167878,SN,2024adia,161.3773667000018,38.03160734999997,0.052,1.0,SN,48.0,ZTF,48.0,ZTF,2024-12-03 10:57:12.000,19.6261,110.0,g,"Jesper Sollerman (SU), Christoffer Fremling (Caltech), Daniel Perley (LJMU), Theophile du Laz (Caltech) on behalf of ZTF",2024-12-04 09:54:50,"ZTF18aaqclsd, ZTF24abwqvsu, ATLAS24rfy",2024TNSTR4761....1S,2024TNSCR4887....1P,2024-12-04 09:54:51,2024-12-12 22:40:55
167767,SN,2024adec,194.237613601,77.1741172349,0.035,14.0,SN IIb,74.0,ALeRCE,48.0,ZTF,2024-12-02 10:22:30.996,20.0372,110.0,g,"A. Munoz-Arancibia, G. Pignata, F.E. Bauer, F. Forster, A. Mourao, L. Hernandez-Garcia, L. Galbany, J. Silva-Farfan, R. Dastidar, J.P. Brandt, A. Alvarez, G. Cabrera-Vives, R. Carrasco-Davis, P.A. Estevez, B. Gamboa, P. Huijse, H. Larranaga, C. Mansilla, K. Medina, D. Moreno, E. Munoz, I. Reyes, P. Sanchez-Saez, D. Rodriguez-Mancini, M. Catelan, S. Eyheramendy, M.J. Graham on behalf of the ALeRCE broker",2024-12-02 20:03:34,"ZTF24abvevzs, PS24mky",2024TNSTR4717....1M,2024TNSCR4818....1G,2024-12-02 20:03:40,2024-12-12 22:02:55
167455,AT,2024acsc,210.655208,-2.152811,,,,48.0,ZTF,48.0,ZTF,2024-11-26 13:23:05.003,19.1566,111.0,r,"Nabeel Rehemtulla (CIERA, NU), Christoffer Fremling (Caltech), Daniel Perley (LJMU), Theophile du Laz (Caltech) on behalf of ZTF",2024-11-30 13:20:40,"ZTF24abuvnmi, GOTO24ivc, Gaia24dpb, ATLAS24rjr",2024TNSTR4701....1R,,2024-11-30 13:20:41,2024-12-12 09:56:40
166602,SN,2024abmk,176.3192019,48.6284279,0.04095,5.0,SN Ic,48.0,ZTF,48.0,ZTF,2024-11-14 12:45:29.998,20.0098,110.0,g,"Jesper Sollerman (SU), Christoffer Fremling (Caltech), Daniel Perley (LJMU), Theophile du Laz (Caltech) on behalf of ZTF",2024-11-19 12:57:36,"ZTF24absznoi, ATLAS24qot, GOTO24itm",2024TNSTR4546....1S,2024TNSCR4888....1S,2024-11-19 12:57:38,2024-12-12 18:11:04
163232,SN,2024xin,23.478292,9.76855,0.019,3.0,SN Ia,59.0,GOTO,59.0,GOTO,2024-10-05 02:40:35.328,18.85,120.0,L,"D. O'Neill, K. Ackley, M. Dyer, F. Jiménez-Ibarra, J. Lyman, K. Ulaczyk, D. Steeghs, D. Galloway, V. Dhillon, P. O'Brien, G. Ramsay, K. Noysena, R. Kotak, R. Breton, L. Nuttall, E. Pallé, D. Pollacco, T. Killestein, A. Kumar, on behalf of GOTO collaboration",2024-10-05 10:12:49,"GOTO24gtp, ATLAS24pcx, PS24jxz, , Gaia24dpe",2024TNSTR3869....1O,2024TNSCR4004....1K,2024-10-05 10:12:51,2024-12-12 09:57:47
149629,AT,2024gfz,204.106806667,3.67169444444,,,,116.0,GEOTS,116.0,GEOTS,2024-04-10 07:16:53.000,14.6,1.0,Clear,Balaji Kumar,2024-04-11 03:31:49,"GEOTS-Balaji-2024-005, ATLAS24rjq",2024TNSTR1024....1K,,2024-04-11 03:31:50,2024-12-12 19:19:37
168259,AT,2024adwm,150.678911793,35.5618185248,,,,4.0,Pan-STARRS,4.0,Pan-STARRS,2024-12-07 13:12:12.096,20.52,26.0,w,"K. C. Chambers, T. de Boer, J. Fairlamb, M. Huber, C.-C. Lin, T. Lowe, E. Magnier, A. Schultz, R. J. Wainscoat, H. Gao, P. Minguez (IfA, University of Hawaii), K. W. Smith, D. R. Young, S. Srivastav, M. Fulton, S. J. Smartt, M. Nicholl, T. Moore, J. Weston, C. R. Angus, S. Sim (Queen's University Belfast), D. E. Wright (University of Minnesota)",2024-12-11 23:47:03,PS24mki,2024TNSTR4865....1C,,2024-12-11 23:47:04,2024-12-11 23:47:04
168258,AT,2024adwl,136.321881847,-3.09823825275,,,,4.0,Pan-STARRS,4.0,Pan-STARRS,2024-12-07 14:34:03.936,20.32,26.0,w,"K. C. Chambers, T. de Boer, J. Fairlamb, M. Huber, C.-C. Lin, T. Lowe, E. Magnier, A. Schultz, R. J. Wainscoat, H. Gao, P. Minguez (IfA, University of Hawaii), K. W. Smith, D. R. Young, S. Srivastav, M. Fulton, S. J. Smartt, M. Nicholl, T. Moore, J. Weston, C. R. Angus, S. Sim (Queen's University Belfast), D. E. Wright (University of Minnesota)",2024-12-11 23:46:16,PS24mkh,2024TNSTR4865....1C,,2024-12-11 23:46:17,2024-12-11 23:46:17
168257,AT,2024adwk,126.439202074,27.412764334,,,,4.0,Pan-STARRS,4.0,Pan-STARRS,2024-12-07 11:42:59.616,20.56,26.0,w,"K. C. Chambers, T. de Boer, J. Fairlamb, M. Huber, C.-C. Lin, T. Lowe, E. Magnier, A. Schultz, R. J. Wainscoat, H. Gao, P. Minguez (IfA, University of Hawaii), K. W. Smith, D. R. Young, S. Srivastav, M. Fulton, S. J. Smartt, M. Nicholl, T. Moore, J. Weston, C. R. Angus, S. Sim (Queen's University Belfast), D. E. Wright (University of Minnesota)",2024-12-11 23:43:24,PS24mkg,2024TNSTR4865....1C,,2024-12-11 23:43:25,2024-12-11 23:43:25
168241,AT,2024advu,130.5962262,52.1523873,,,,48.0,ZTF,48.0,ZTF,2024-12-05 08:19:19.001,20.8736,110.0,g,"Jesper Sollerman (SU), Christoffer Fremling (Caltech), Daniel Perley (LJMU), Theophile du Laz (Caltech) on behalf of ZTF",2024-12-11 10:23:20,ZTF24abwyuoa,2024TNSTR4868....1S,,2024-12-11 10:23:21,2024-12-11 10:23:21
168239,AT,2024advs,198.215833,-2.793789,,,,24.0,GaiaAlerts,24.0,GaiaAlerts,2024-12-05 05:03:50.400,18.24,75.0,G,"S.T. Hodgkin, E. Breedt, A. Delgado, D.L. Harrison, M. van Leeuwen, G. Rixon, T. Wevers, A. Yoldas (IoA Cambridge), N. Ihanec, K. Kruszyńska, K.A. Rybicki, Ł. Wyrzykowski (Warsaw University Astronomical Observatory), Z. Kostrzewa-Rutkowska (Leiden Observatory), D. Eappachen (SRON/RU), G. Marton (Konkoly Observatory), on behalf of the Gaia Alerts team",2024-12-11 08:39:44,Gaia24doo,2024TNSTR4858....1H,,2024-12-11 08:39:45,2024-12-11 08:39:45
168238,AT,2024advr,205.916667,1.880281,,,,24.0,GaiaAlerts,24.0,GaiaAlerts,2024-12-05 09:07:12.000,18.54,75.0,G,"S.T. Hodgkin, E. Breedt, A. Delgado, D.L. Harrison, M. van Leeuwen, G. Rixon, T. Wevers, A. Yoldas (IoA Cambridge), N. Ihanec, K. Kruszyńska, K.A. Rybicki, Ł. Wyrzykowski (Warsaw University Astronomical Observatory), Z. Kostrzewa-Rutkowska (Leiden Observatory), D. Eappachen (SRON/RU), G. Marton (Konkoly Observatory), on behalf of the Gaia Alerts team",2024-12-11 08:38:48,Gaia24don,2024TNSTR4858....1H,,2024-12-11 08:38:49,2024-12-11 08:38:49
168236,AT,2024advp,211.289002,71.212227,,,,59.0,GOTO,59.0,GOTO,2024-12-08 06:17:51.360,18.79,120.0,L,"D. O'Neill, G. Ramsay, K. Ackley, M. Dyer, F. Jiménez-Ibarra, J. Lyman, K. Ulaczyk, D. Steeghs, D. Galloway, V. Dhillon, P. O'Brien, K. Noysena, R. Kotak, R. Breton, L. Nuttall, E. Pallé, D. Pollacco, T. Killestein, A. Kumar, on behalf of GOTO collaboration",2024-12-11 08:27:53,GOTO24ixz,2024TNSTR4860....1O,,2024-12-11 08:27:54,2024-12-11 08:27:54
168235,AT,2024advo,193.632711,38.632211,,,,59.0,GOTO,59.0,GOTO,2024-12-11 06:37:57.504,19.66,120.0,L,"A. Kumar, G. Ramsay, K. Ackley, M. Dyer, F. Jiménez-Ibarra, J. Lyman, K. Ulaczyk, D. Steeghs, D. Galloway, V. Dhillon, P. O'Brien, K. Noysena, R. Kotak, R. Breton, L. Nuttall, E. Pallé, D. Pollacco, T. Killestein, D. O'Neill, on behalf of GOTO collaboration",2024-12-11 07:55:50,GOTO24iyc,2024TNSTR4859....1K,,2024-12-11 07:55:52,2024-12-11 07:55:52
168234,AT,2024advn,190.798355,-5.500992,,,,59.0,GOTO,59.0,GOTO,2024-12-08 05:20:50.784,18.73,120.0,L,"A. Kumar, G. Ramsay, K. Ackley, M. Dyer, F. Jiménez-Ibarra, J. Lyman, K. Ulaczyk, D. Steeghs, D. Galloway, V. Dhillon, P. O'Brien, K. Noysena, R. Kotak, R. Breton, L. Nuttall, E. Pallé, D. Pollacco, T. Killestein, D. O'Neill, on behalf of GOTO collaboration",2024-12-11 07:54:58,GOTO24iyd,2024TNSTR4859....1K,,2024-12-11 07:54:59,2024-12-11 07:54:59
168200,SN,2024aduf,232.439125,42.921889,0.018323,3.0,SN Ia,0.0,,0.0,,2024-12-09 21:01:37.000,16.0,1.0,Clear,Koichi Itagaki,2024-12-09 21:30:19,,2024TNSTR4830....1I,2024TNSCR4870....1B,2024-12-09 21:30:20,2024-12-11 05:08:14
168071,AT,2024adpi,158.4481522,47.6319815,,,,18.0,ATLAS,18.0,ATLAS,2024-12-07 13:31:28.992,19.319,71.0,cyan,"J. Tonry, L. Denneau, H. Weiland, R. Siverd (IfA, University of Hawaii), N. Erasmus, W. Koorts (South African Astronomical Observatory), A. Jordan, V. Suc (UAI, Obstech), S. J. Smartt, K. W. Smith (Oxford/QUB), D. R. Young, M. Nicholl, M. Fulton, M. McCollum, T. Moore, J. Weston, X. Sheng, C. R. Angus, A. Wilson, A. Aamer, D. Magill (QUB), P. Ramsden (Birmingham/QUB), L. Shingles (GSI/QUB), S. Srivastav, J. H. Gillanders, H. Stevance, A. J. Cooper, F. Stoppa (Oxford), L. Rhodes (TSI/McGill), A. Rest (STScI), T.-W. Chen (NCU), C. Stubbs (Harvard), J. S. Sommer (LMU), B. P. Schmidt (ANU)",2024-12-07 22:16:23,"ATLAS24rfm, ZTF24abwzbgf",2024TNSTR4790....1T,,2024-12-07 22:16:24,2024-12-11 10:23:15
167456,SN,2024acsd,144.085427853,23.7500929753,0.021748,7.0,SN Ic-BL,10.0,XOSS,10.0,XOSS,2024-11-29 21:02:52.800,18.61,1.0,Clear,"Ziyang Mai, Jianlin Xu, Mi Zhang, Leiming Tang, Yanxi Li, XiaoChang Yan, Wenjie Zhou, Jingyuan Zhao, Guoyou Sun, Jiangao Ruan, Xing Gao, Lanhe Ding, on behalf of the PSP team",2024-11-30 13:23:38,"PSP24ac, ZTF24abuunge, ATLAS24qxy, GOTO24itb, PS24mjz",2024TNSTR4698....1M,"2024TNSCR4787....1S, 2024TNSCR4802....1S",2024-11-30 13:23:38,2024-12-11 23:36:33
166818,AT,2024abuo,217.274792,7.8456,,,,48.0,ZTF,48.0,ZTF,2024-11-21 13:27:54.996,18.0818,111.0,r,"Nabeel Rehemtulla (CIERA, NU), Christoffer Fremling (Caltech), Daniel Perley (LJMU), Theophile du Laz (Caltech) on behalf of ZTF",2024-11-22 13:30:07,"ZTF24abtjphs, GOTO24iwm, Gaia24dot",2024TNSTR4591....1R,,2024-11-22 13:30:09,2024-12-11 16:06:18
166607,SN,2024abmp,190.357958,-8.471981,0.025,10.0,SN II,48.0,ZTF,48.0,ZTF,2024-11-18 12:59:25.995,18.5839,111.0,r,"Jesper Sollerman (SU), Christoffer Fremling (Caltech), Daniel Perley (LJMU), Theophile du Laz (Caltech) on behalf of ZTF",2024-11-19 13:22:22,"ZTF24abszcqd, ATLAS24qvt, GOTO24isn, Gaia24doq",2024TNSTR4546....1S,2024TNSCR4777....1S,2024-11-19 13:22:23,2024-12-11 08:41:12
166400,SN,2024abeu,162.840181483,24.8953649725,0.044491,10.0,SN II,48.0,ZTF,48.0,ZTF,2024-11-11 12:08:18.000,19.2903,110.0,g,"Jesper Sollerman (SU), Christoffer Fremling (Caltech), Daniel Perley (LJMU), Theophile du Laz (Caltech) on behalf of ZTF",2024-11-14 13:37:41,"ZTF24absdoug, ATLAS24qmb, GOTO24ixd, PS24mkd",2024TNSTR4497....1S,2024TNSCR4704....1S,2024-11-14 13:37:42,2024-12-11 23:38:12
165799,SN,2024aahx,125.7335853,1.8261436,0.085,3.0,SN Ia,59.0,GOTO,59.0,GOTO,2024-11-03 03:35:28.896,18.99,120.0,L,"A. Kumar, D. O'Neill, K. Ackley, M. Dyer, F. Jiménez-Ibarra, J. Lyman, K. Ulaczyk, D. Steeghs, D. Galloway, V. Dhillon, P. O'Brien, G. Ramsay, K. Noysena, R. Kotak, R. Breton, L. Nuttall, E. Pallé, D. Pollacco, T. Killestein, on behalf of GOTO collaboration",2024-11-03 14:01:18,"GOTO24hzb, ZTF24abqqrep, ATLAS24qct, ZTF24absimnm",2024TNSTR4289....1K,2024TNSCR4356....1P,2024-11-03 14:01:19,2024-12-11 10:23:01
164502,SN,2024yko,137.202873864,58.5206983026,0.04,10.0,SN II,48.0,ZTF,48.0,ZTF,2024-10-19 09:38:32.997,19.033,110.0,g,"Jesper Sollerman (SU), Christoffer Fremling (Caltech), Daniel Perley (LJMU), Theophile du Laz (Caltech) on behalf of ZTF",2024-10-19 16:55:15,"ZTF24abnoozs, GOTO24hgy, ATLAS24pun, PS24mke",2024TNSTR4063....1S,2024TNSCR4155....1H,2024-10-19 16:55:17,2024-12-11 23:39:01
168225,AT,2024adve,44.6021691563,-22.8273545751,,,,4.0,Pan-STARRS,4.0,Pan-STARRS,2024-12-02 07:58:28.992,20.03,26.0,w,"K. C. Chambers, T. de Boer, J. Fairlamb, M. Huber, C.-C. Lin, T. Lowe, E. Magnier, A. Schultz, R. J. Wainscoat, H. Gao, P. Minguez (IfA, University of Hawaii), K. W. Smith, D. R. Young, S. Srivastav, M. Fulton, S. J. Smartt, M. Nicholl, T. Moore, J. Weston, C. R. Angus, S. Sim (Queen's University Belfast), D. E. Wright (University of Minnesota)",2024-12-10 23:08:32,PS24mjv,2024TNSTR4853....1C,,2024-12-10 23:08:33,2024-12-10 23:08:33
168224,AT,2024advd,198.556958,-0.584369,,,,24.0,GaiaAlerts,24.0,GaiaAlerts,2024-12-04 17:00:57.600,18.13,75.0,G,"S.T. Hodgkin, E. Breedt, A. Delgado, D.L. Harrison, M. van Leeuwen, G. Rixon, T. Wevers, A. Yoldas (IoA Cambridge), N. Ihanec, K. Kruszyńska, K.A. Rybicki, Ł. Wyrzykowski (Warsaw University Astronomical Observatory), Z. Kostrzewa-Rutkowska (Leiden Observatory), D. Eappachen (SRON/RU), G. Marton (Konkoly Observatory), on behalf of the Gaia Alerts team",2024-12-10 22:21:33,Gaia24dol,2024TNSTR4846....1H,,2024-12-10 22:21:34,2024-12-10 22:21:34
168220,AT,2024aduz,205.925833,5.0275,,,,24.0,GaiaAlerts,24.0,GaiaAlerts,2024-12-04 09:05:45.600,18.68,75.0,G,"S.T. Hodgkin, E. Breedt, A. Delgado, D.L. Harrison, M. van Leeuwen, G. Rixon, T. Wevers, A. Yoldas (IoA Cambridge), N. Ihanec, K. Kruszyńska, K.A. Rybicki, Ł. Wyrzykowski (Warsaw University Astronomical Observatory), Z. Kostrzewa-Rutkowska (Leiden Observatory), D. Eappachen (SRON/RU), G. Marton (Konkoly Observatory), on behalf of the Gaia Alerts team",2024-12-10 22:17:37,Gaia24doe,2024TNSTR4846....1H,,2024-12-10 22:17:38,2024-12-10 22:17:38
168218,AT,2024adux,146.172883,7.943819,,,,60.0,BlackGEM,60.0,BlackGEM,2024-12-10 06:17:44.000,19.68,118.0,BG-q,"S. Scaringi, H. Tranin, F. Stoppa, D. Pieterse, G. Ramsay, S. Faris, P. Groot, P. Vreeswijk, N. Blagorodnova, J. van Roestel, H. Wichern",2024-12-10 20:19:02,BGEM J094441.49+075637.7,2024TNSTR4845....1S,,2024-12-10 20:19:04,2024-12-10 20:19:04
168214,AT,2024adut,197.66975,2.024161,,,,24.0,GaiaAlerts,24.0,GaiaAlerts,2024-12-03 21:14:24.000,18.36,75.0,G,"S.T. Hodgkin, E. Breedt, A. Delgado, D.L. Harrison, M. van Leeuwen, G. Rixon, T. Wevers, A. Yoldas (IoA Cambridge), N. Ihanec, K. Kruszyńska, K.A. Rybicki, Ł. Wyrzykowski (Warsaw University Astronomical Observatory), Z. Kostrzewa-Rutkowska (Leiden Observatory), D. Eappachen (SRON/RU), G. Marton (Konkoly Observatory), on behalf of the Gaia Alerts team",2024-12-10 12:25:23,Gaia24dnx,2024TNSTR4846....1H,,2024-12-10 12:25:24,2024-12-10 12:25:24
168211,AT,2024aduq,27.966208,14.013056,,,,36.0,MASTER,36.0,MASTER,2024-10-29 18:57:00.576,15.0,1.0,Clear,"O.Gress, V.Lipunov, E.Gorbovskoy, N.Tiurina, P.Balanutsa, , D.Vlasenko, I.Panchenko, A.Kuznetsov, G.Antipov, A.Sankovich, A.Sosnovskij, Yu.Tselik, M.Gulyaev, Ya.Kechin, V.Senik, A.Chasovnikov, K.Labsina, I. Gorbunov (Lomonosov MSU), O.Gress, N.Budnev (ISU), C.Francile, F. Podesta, R.Podesta, E. Gonzalez (Observatorio Astronomico Felix Aguilar (OAFA), A. Tlatov, D. Dormidontov (Kislovodsk Solar Station of the Pulkovo Observatory), A. Gabovich, V.Yurkov (Blagoveschensk Educational StateUniversity) D.Buckley (SAAO), R.Rebolo (The Instituto de Astrofisica de Canarias), L.Carrasco, J.R.Valdes, V.Chavushyan, V.M.Patino Alvarez, J.Martinez, A.R.Corella, L.H.Rodriguez (INAOE, Guillermo Haro Astrophysics Observatory)",2024-12-10 11:39:25,MASTER OT J015151.89+140047.0,2024TNSTR4852....1G,,2024-12-10 11:39:26,2024-12-10 11:39:26
168167,AT,2024adsy,175.562715714,19.0706671429,,,,59.0,GOTO,59.0,GOTO,2024-12-09 06:35:21.120,19.24,120.0,L,"G. Ramsay, D. O'Neill, K. Ackley, M. Dyer, F. Jiménez-Ibarra, J. Lyman, K. Ulaczyk, D. Steeghs, D. Galloway, V. Dhillon, P. O'Brien, K. Noysena, R. Kotak, R. Breton, L. Nuttall, E. Pallé, D. Pollacco, T. Killestein, A. Kumar, on behalf of GOTO collaboration",2024-12-09 09:51:25,"GOTO24iwu, ATLAS24rim",2024TNSTR4829....1R,,2024-12-09 09:51:26,2024-12-10 19:28:08
168058,AT,2024adov,168.751817,-3.992442,,,,48.0,ZTF,48.0,ZTF,2024-12-05 12:36:21.003,19.9823,110.0,g,"Jesper Sollerman (SU), Christoffer Fremling (Caltech), Daniel Perley (LJMU), Theophile du Laz (Caltech) on behalf of ZTF",2024-12-07 16:43:31,"ZTF24abwlgae, BGEM J111500.43-035932.7, ATLAS24rjt, GOTO24jam",2024TNSTR4795....1S,,2024-12-07 16:43:32,2024-12-10 14:35:04
167929,AT,2024adjy,146.295929,8.318511,,,,59.0,GOTO,59.0,GOTO,2024-12-05 03:01:07.392,19.02,120.0,L,"G. Ramsay, D. O'Neill, K. Ackley, M. Dyer, F. Jiménez-Ibarra, J. Lyman, K. Ulaczyk, D. Steeghs, D. Galloway, V. Dhillon, P. O'Brien, K. Noysena, R. Kotak, R. Breton, L. Nuttall, E. Pallé, D. Pollacco, T. Killestein, A. Kumar, on behalf of GOTO collaboration",2024-12-05 08:21:39,"GOTO24ite, ZTF24abwjxvr, ATLAS24rdk, , BGEM J094511.02+081906.6",2024TNSTR4769....1R,,2024-12-05 08:21:41,2024-12-10 14:21:04
167784,AT,2024adet,219.813042,12.847419,,,,74.0,ALeRCE,48.0,ZTF,2024-12-02 13:13:27.998,19.1076,111.0,r,"A. Munoz-Arancibia, G. Pignata, F.E. Bauer, F. Forster, A. Mourao, L. Hernandez-Garcia, L. Galbany, J. Silva-Farfan, R. Dastidar, J.P. Brandt, A. Alvarez, G. Cabrera-Vives, R. Carrasco-Davis, P.A. Estevez, B. Gamboa, P. Huijse, H. Larranaga, C. Mansilla, K. Medina, D. Moreno, E. Munoz, I. Reyes, P. Sanchez-Saez, D. Rodriguez-Mancini, M. Catelan, S. Eyheramendy, M.J. Graham on behalf of the ALeRCE broker",2024-12-02 20:15:25,"ZTF24abvgnzs, GOTO24iuz, Gaia24doh, ATLAS24rit",2024TNSTR4717....1M,,2024-12-02 20:15:32,2024-12-10 22:19:00
167748,AT,2024addj,153.97095459,39.1659490053,,,,48.0,ZTF,48.0,ZTF,2024-11-23 11:09:48.000,20.4937,110.0,g,"Jesper Sollerman (SU), Christoffer Fremling (Caltech), Daniel Perley (LJMU), Theophile du Laz (Caltech) on behalf of ZTF",2024-12-02 14:27:33,"ZTF24abtzocr, GOTO24irl, PS24mju",2024TNSTR4725....1S,,2024-12-02 14:27:34,2024-12-10 18:06:13
167592,AT,2024acxj,175.023804,-8.964586,,,,74.0,ALeRCE,48.0,ZTF,2024-11-30 12:28:06.001,19.6788,110.0,g,"F. Forster, F.E. Bauer, G. Pignata, A. Munoz-Arancibia, A. Mourao, L. Hernandez-Garcia, L. Galbany, J. Silva-Farfan, R. Dastidar, J.P. Brandt, A. Alvarez, G. Cabrera-Vives, R. Carrasco-Davis, P.A. Estevez, B. Gamboa, P. Huijse, H. Larranaga, C. Mansilla, K. Medina, D. Moreno, E. Munoz, E. Pizarro, I. Reyes, P. Sanchez-Saez, D. Rodriguez-Mancini, M. Catelan, S. Eyheramendy, M.J. Graham on behalf of the ALeRCE broker",2024-12-01 02:41:49,"ZTF24abuvkdq, GOTO24itw, BGEM J114005.71-085752.5",2024TNSTR4706....1F,,2024-12-01 02:41:54,2024-12-10 14:43:03
167461,AT,2024acsi,217.718833,12.614661,,,,10.0,XOSS,10.0,XOSS,2024-11-29 23:16:56.640,18.29,1.0,Clear,"Mi Zhang, Jianlin Xu, Guoyou Sun, Jiangao Ruan, Jingyuan Zhao, Wenjie Zhou, Yong Ma, Quanzhi Ye, Zhuoyang Chen (Xingming Obs.), Hanjie Tan (AUUK), Guangwei Wu (NAAA), Xing Gao, Ali Esamdin, Chunhai Bai, Yong Wang (XAO), on behalf of the KATS team",2024-11-30 15:08:34,"KATS24W019, ZTF24abuvmuo, GOTO24iuy, Gaia24doa, ATLAS24riu",2024TNSTR4697....1Z,,2024-11-30 15:08:35,2024-12-10 12:25:43
167349,AT,2024acoa,325.486625,21.323611,,,,18.0,ATLAS,18.0,ATLAS,2024-11-27 05:59:10.752,18.901,71.0,cyan,"J. Tonry, L. Denneau, H. Weiland, R. Siverd (IfA, University of Hawaii), N. Erasmus, W. Koorts (South African Astronomical Observatory), A. Jordan, V. Suc (UAI, Obstech), S. J. Smartt, K. W. Smith (Oxford/QUB), D. R. Young, M. Nicholl, M. Fulton, M. McCollum, T. Moore, J. Weston, X. Sheng, C. R. Angus, A. Wilson, A. Aamer, D. Magill (QUB), P. Ramsden (Birmingham/QUB), L. Shingles (GSI/QUB), S. Srivastav, J. H. Gillanders, H. Stevance, A. J. Cooper, F. Stoppa (Oxford), L. Rhodes (TSI/McGill), A. Rest (STScI), T.-W. Chen (NCU), C. Stubbs (Harvard), J. S. Sommer (LMU), B. P. Schmidt (ANU)",2024-11-28 08:41:25,"ATLAS24qss, ZTF24abuntvn, GOTO24isu, Gaia24doc",2024TNSTR4670....1T,,2024-11-28 08:41:27,2024-12-10 12:25:59
166589,SN,2024ably,29.181292,-9.179769,0.061,3.0,SN Ia,18.0,ATLAS,18.0,ATLAS,2024-11-18 21:41:24.000,18.531,72.0,orange,"J. Tonry, L. Denneau, H. Weiland, R. Siverd (IfA, University of Hawaii), N. Erasmus, W. Koorts (South African Astronomical Observatory), A. Jordan, V. Suc (UAI, Obstech), S. J. Smartt, K. W. Smith (Oxford/QUB), D. R. Young, M. Nicholl, M. Fulton, M. McCollum, T. Moore, J. Weston, X. Sheng, C. R. Angus, A. Wilson, A. Aamer, D. Magill (QUB), P. Ramsden (Birmingham/QUB), L. Shingles (GSI/QUB), S. Srivastav, J. H. Gillanders, H. Stevance, A. J. Cooper, F. Stoppa (Oxford), L. Rhodes (TSI/McGill), A. Rest (STScI), T.-W. Chen (NCU), C. Stubbs (Harvard), J. S. Sommer (LMU), B. P. Schmidt (ANU)",2024-11-19 07:49:21,"ATLAS24qgl, GOTO24inn, ZTF24abtgtdi, Gaia24dnz, PS24moy",2024TNSTR4541....1T,2024TNSCR4728....1F,2024-11-19 07:49:22,2024-12-10 12:25:38
166574,AT,2024ablj,202.774625,11.182911,,,,48.0,ZTF,48.0,ZTF,2024-11-14 12:57:40.000,19.1485,111.0,r,"Jacob Wise (LJMU), Christoffer Fremling (Caltech), Daniel Perley (LJMU), Theophile du Laz (Caltech) on behalf of ZTF",2024-11-18 14:29:53,"ZTF24absshbg, ATLAS24rai, Gaia24dnm",2024TNSTR4533....1W,,2024-11-18 14:29:54,2024-12-10 07:07:24
166523,AT,2024abjl,213.228,13.844831,,,,74.0,ALeRCE,48.0,ZTF,2024-11-17 13:13:10.001,18.1661,111.0,r,"F. Forster, F.E. Bauer, G. Pignata, A. Munoz-Arancibia, A. Mourao, L. Hernandez-Garcia, L. Galbany, J. Silva-Farfan, R. Dastidar, J.P. Brandt, A. Alvarez, G. Cabrera-Vives, R. Carrasco-Davis, P.A. Estevez, B. Gamboa, P. Huijse, H. Larranaga, C. Mansilla, K. Medina, D. Moreno, E. Munoz, E. Pizarro, I. Reyes, P. Sanchez-Saez, D. Rodriguez-Mancini, M. Catelan, S. Eyheramendy, M.J. Graham on behalf of the ALeRCE broker",2024-11-17 16:55:06,"ZTF24absvund, GOTO24iva, ATLAS24rhy, Gaia24dns",2024TNSTR4517....1F,,2024-11-17 16:55:09,2024-12-10 08:22:15
165905,SN,2024aalw,169.50325,-4.853214,0.0258,10.0,SN II,59.0,GOTO,59.0,GOTO,2024-11-05 05:57:33.984,17.93,120.0,L,"G. Ramsay, D. O'Neill, K. Ackley, M. Dyer, F. Jiménez-Ibarra, J. Lyman, K. Ulaczyk, D. Steeghs, D. Galloway, V. Dhillon, P. O'Brien, K. Noysena, R. Kotak, R. Breton, L. Nuttall, E. Pallé, D. Pollacco, T. Killestein, A. Kumar, on behalf of GOTO collaboration",2024-11-05 10:20:39,"GOTO24hzy, ATLAS24qcm, ZTF24absmmua, BGEM J111800.77-045111.5",2024TNSTR4325....1R,2024TNSCR4766....1S,2024-11-05 10:20:40,2024-12-10 14:26:04
165865,SN,2024aakj,321.526542,14.209281,0.05,3.0,SN Ia,48.0,ZTF,48.0,ZTF,2024-10-31 05:39:08.997,19.8917,110.0,g,"Jesper Sollerman (SU), Christoffer Fremling (Caltech), Daniel Perley (LJMU), Theophile du Laz (Caltech) on behalf of ZTF",2024-11-04 05:23:34,"ZTF24abprtdf, ATLAS24pyp, GOTO24igb, Gaia24dnj",2024TNSTR4309....1S,"2024TNSCR4452....1C, 2024TNSCR4511....1N",2024-11-04 05:23:35,2024-12-10 07:04:20
165161,SN,2024zjv,123.288206521,3.56351472489,0.073129,10.0,SN II,48.0,ZTF,48.0,ZTF,2024-10-24 09:51:58.003,18.9328,110.0,g,"Nabeel Rehemtulla (CIERA, NU), Christoffer Fremling (Caltech), Daniel Perley (LJMU), Theophile du Laz (Caltech) on behalf of ZTF",2024-10-25 14:41:13,"ZTF24aboiysi, GOTO24hrc, PS24mjy",2024TNSTR4152....1R,2024TNSCR4250....1S,2024-10-25 14:41:15,2024-12-10 23:22:35
164505,SN,2024ykr,17.635375,-5.705411,0.037039,3.0,SN Ia,18.0,ATLAS,18.0,ATLAS,2024-10-19 11:08:09.600,18.239,72.0,orange,"J. Tonry, L. Denneau, H. Weiland, R. Siverd (IfA, University of Hawaii), N. Erasmus, W. Koorts (South African Astronomical Observatory), A. Jordan, V. Suc (UAI, Obstech), S. J. Smartt, K. W. Smith (Oxford/QUB), D. R. Young, M. Nicholl, M. Fulton, M. McCollum, T. Moore, J. Weston, X. Sheng, C. R. Angus, A. Wilson, A. Aamer, D. Magill (QUB), P. Ramsden (Birmingham/QUB), L. Shingles (GSI/QUB), S. Srivastav, J. H. Gillanders, H. Stevance, A. J. Cooper, F. Stoppa (Oxford), L. Rhodes (TSI/McGill), A. Rest (STScI), T.-W. Chen (NCU), C. Stubbs (Harvard), J. S. Sommer (LMU), B. P. Schmidt (ANU)",2024-10-19 19:33:13,"ATLAS24plk, GOTO24hjq, ZTF24abnqeaf, PS24kef, BGEM J011032.46-054219.4, Gaia24dnv",2024TNSTR4056....1T,2024TNSCR4098....1H,2024-10-19 19:33:14,2024-12-10 08:22:34
163949,SN,2024xsk,169.549108,26.0565,0.05,2.0,SN I,48.0,ZTF,48.0,ZTF,2024-10-03 12:37:42.003,18.606,111.0,r,"Nabeel Rehemtulla (CIERA, NU), Christoffer Fremling (Caltech), Daniel Perley (LJMU), Theophile du Laz (Caltech) on behalf of ZTF",2024-10-10 12:51:57,"ZTF24ablestl, ATLAS24ppu, GOTO24hpx, BGEM J111811.78+260323.4",2024TNSTR3946....1R,2024TNSCR4358....1T,2024-10-10 12:51:58,2024-12-10 14:39:03
168191,AT,2024adtw,220.15977623332125,8.676430433333417,,,,74.0,ALeRCE,48.0,ZTF,2024-12-05 13:25:27.002,19.5969,111.0,r,"A. Munoz-Arancibia, G. Pignata, F.E. Bauer, F. Forster, A. Mourao, L. Hernandez-Garcia, L. Galbany, J. Silva-Farfan, R. Dastidar, J.P. Brandt, A. Alvarez, G. Cabrera-Vives, R. Carrasco-Davis, P.A. Estevez, B. Gamboa, P. Huijse, H. Larranaga, C. Mansilla, K. Medina, D. Moreno, E. Munoz, I. Reyes, P. Sanchez-Saez, D. Rodriguez-Mancini, M. Catelan, S. Eyheramendy, M.J. Graham on behalf of the ALeRCE broker",2024-12-09 17:26:11,ZTF24aahngid,2024TNSTR4821....1M,,2024-12-09 17:26:25,2024-12-09 17:26:25
168186,AT,2024adtr,195.1939525894744,77.71697010430842,,,,74.0,ALeRCE,48.0,ZTF,2024-12-06 11:18:56.002,20.3388,111.0,r,"A. Munoz-Arancibia, G. Pignata, F.E. Bauer, F. Forster, A. Mourao, L. Hernandez-Garcia, L. Galbany, J. Silva-Farfan, R. Dastidar, J.P. Brandt, A. Alvarez, G. Cabrera-Vives, R. Carrasco-Davis, P.A. Estevez, B. Gamboa, P. Huijse, H. Larranaga, C. Mansilla, K. Medina, D. Moreno, E. Munoz, I. Reyes, P. Sanchez-Saez, D. Rodriguez-Mancini, M. Catelan, S. Eyheramendy, M.J. Graham on behalf of the ALeRCE broker",2024-12-09 17:26:11,ZTF24abxgjrp,2024TNSTR4821....1M,,2024-12-09 17:26:20,2024-12-09 17:26:20
168185,AT,2024adtq,229.26191390000653,12.6350934,,,,74.0,ALeRCE,48.0,ZTF,2024-12-08 13:12:58.000,19.7914,111.0,r,"A. Munoz-Arancibia, G. Pignata, F.E. Bauer, F. Forster, A. Mourao, L. Hernandez-Garcia, L. Galbany, J. Silva-Farfan, R. Dastidar, J.P. Brandt, A. Alvarez, G. Cabrera-Vives, R. Carrasco-Davis, P.A. Estevez, B. Gamboa, P. Huijse, H. Larranaga, C. Mansilla, K. Medina, D. Moreno, E. Munoz, I. Reyes, P. Sanchez-Saez, D. Rodriguez-Mancini, M. Catelan, S. Eyheramendy, M.J. Graham on behalf of the ALeRCE broker",2024-12-09 17:26:11,ZTF24abxgkcy,2024TNSTR4821....1M,,2024-12-09 17:26:19,2024-12-09 17:26:19
168100,AT,2024adqj,184.7382993249843,36.937145525,,,,48.0,ZTF,48.0,ZTF,2024-12-05 12:44:28.999,19.9771,110.0,g,"Jesper Sollerman (SU), Christoffer Fremling (Caltech), Daniel Perley (LJMU), Theophile du Laz (Caltech) on behalf of ZTF",2024-12-08 12:14:13,ZTF24abxfuog,2024TNSTR4813....1S,,2024-12-08 12:14:14,2024-12-09 17:26:21
166671,SN,2024aboy,207.144875,24.893439,0.029716,13.0,SN IIn,18.0,ATLAS,18.0,ATLAS,2024-11-20 15:03:16.128,18.297,72.0,orange,"J. Tonry, L. Denneau, H. Weiland, R. Siverd (IfA, University of Hawaii), N. Erasmus, W. Koorts (South African Astronomical Observatory), A. Jordan, V. Suc (UAI, Obstech), S. J. Smartt, K. W. Smith (Oxford/QUB), D. R. Young, M. Nicholl, M. Fulton, M. McCollum, T. Moore, J. Weston, X. Sheng, C. R. Angus, A. Wilson, A. Aamer, D. Magill (QUB), P. Ramsden (Birmingham/QUB), L. Shingles (GSI/QUB), S. Srivastav, J. H. Gillanders, H. Stevance, A. J. Cooper, F. Stoppa (Oxford), L. Rhodes (TSI/McGill), A. Rest (STScI), T.-W. Chen (NCU), C. Stubbs (Harvard), J. S. Sommer (LMU), B. P. Schmidt (ANU)",2024-11-20 21:15:08,"ATLAS24qhq, ZTF24abuvisc, Gaia24dmf, GOTO24ivg",2024TNSTR4550....1T,2024TNSCR4840....1S,2024-11-20 21:15:10,2024-12-09 19:17:26
166310,SN,2024abbi,359.06058203,12.4839896472,0.1,3.0,SN Ia,48.0,ZTF,48.0,ZTF,2024-11-09 02:56:29.996,19.9649,110.0,g,"Jesper Sollerman (SU), Christoffer Fremling (Caltech), Daniel Perley (LJMU), Theophile du Laz (Caltech) on behalf of ZTF",2024-11-14 05:15:34,"ZTF24abrkfol, ATLAS24qhv, PS24llr",2024TNSTR4497....1S,2024TNSCR4840....1S,2024-11-14 05:15:35,2024-12-09 19:31:34
166287,SN,2024abal,197.5129854,51.4021793,0.0541,3.0,SN Ia,48.0,ZTF,48.0,ZTF,2024-11-11 12:19:45.001,18.9891,110.0,g,"Jesper Sollerman (SU), Christoffer Fremling (Caltech), Daniel Perley (LJMU), Theophile du Laz (Caltech) on behalf of ZTF",2024-11-13 12:06:36,"ZTF24absdppq, ATLAS24quh",2024TNSTR4483....1S,2024TNSCR4841....1C,2024-11-13 12:06:37,2024-12-09 19:26:24
